Workbook

Sheet Resumen
A1: Análisis de operaciones — XAU TL Break en US30 (5 min)
A2: Periodo 6 sept – 1 oct 2026 · capital 10K USD · horas en UTC-4
A4: Métrica | B4: Valor | C4: Nota
A5: Operaciones totales | B5: =COUNT(Operaciones!$E$2:$E$232) -> 231
A6: P/L neto total (USD) | B6: =SUM(Operaciones!$E$2:$E$232) -> 105.58 | C6: La captura del usuario mostraba +112.92 con 230 operaciones; diferencia no aclarada
A7: Operaciones ganadoras | B7: =COUNTIF(Operaciones!$E$2:$E$232,">0") -> 80
A8: % de acierto | B8: =B7/B5 -> 0.34632035
A9: Ganancia media (USD) | B9: =AVERAGEIF(Operaciones!$E$2:$E$232,">0") -> 8.31125
A10: Pérdida media (USD) | B10: =AVERAGEIF(Operaciones!$E$2:$E$232,"<=0") -> -3.704106
A11: Factor de ganancias | B11: =SUMIF(Operaciones!$E$2:$E$232,">0")/-SUMIF(Operaciones!$E$2:$E$232,"<0") -> 1.1887649
A12: Mejor operación (USD) | B12: =MAX(Operaciones!$E$2:$E$232) -> 36.34
A13: Peor operación (USD) | B13: =MIN(Operaciones!$E$2:$E$232) -> -22.96
A14: Duración mediana ganadoras (min) | B14: {=MEDIAN(IF(Operaciones!$E$2:$E$232>0,Operaciones!$I$2:$I$232))} -> 95 | C14: Fórmula matricial
A15: Duración mediana perdedoras (min) | B15: {=MEDIAN(IF(Operaciones!$E$2:$E$232<=0,Operaciones!$I$2:$I$232))} -> 20 | C15: Fórmula matricial
A16: Ganadoras ≥ $10 (cantidad) | B16: =COUNTIF(Operaciones!$E$2:$E$232,">=10") -> 27
A17: Ganadoras ≥ $10 (suma USD) | B17: =SUMIF(Operaciones!$E$2:$E$232,">=10") -> 446.67
A18: P/L sin las 5 mejores (USD) | B18: =B6-SUM(LARGE(Operaciones!$E$2:$E$232,{1,2,3,4,5})) -> -30.61 | C18: La rentabilidad depende de pocas operaciones grandes (normal con R:R 3)
A19: P/L Largos (USD) | B19: =SUMIF(Operaciones!$B$2:$B$232,"Largo",Operaciones!$E$2:$E$232) -> 76.38
A20: P/L Cortos (USD) | B20: =SUMIF(Operaciones!$B$2:$B$232,"Corto",Operaciones!$E$2:$E$232) -> 29.2
A21: Racha máxima de pérdidas | B21: 13 | C21: Entre el 24 y 28 sept (calculado en Python)
A23: Conclusiones
A24: • Cooldown tras ganar: NO se sostiene con estos datos (ver hoja Cooldown). No activarlo.
A25: • Filtro horario: ruido estadístico (6–15 operaciones por hora). Horas candidatas a vigilar: 2, 8, 13 y 22. No calibrar ventana todavía.
A26: • Lunes pierde en ambas mitades del mes (factor 0.50/0.51) pero son solo 4 lunes: hipótesis a validar.
A27: • 24–28 sept: pérdidas de $5–10 vs ~$3 normales, probablemente ATR más alto (no verificado). Peores días: 24 sept (−60) y 28 sept (−46.5).
A28: • Recomendación: repetir el análisis con 3–6 meses antes de cambiar el EA.

Sheet Operaciones
A1: N° | B1: Lado | C1: Entrada | D1: Salida | E1: P/L neto (USD) | F1: Hora entrada | G1: Día semana (1=Lun) | H1: Ganadora (1/0) | I1: Duración (min)
A2: 1 | B2: Corto | C2: 46271.924 | D2: 46271.983 | E2: 0.21 | F2: =HOUR(C2) -> 22 | G2: =WEEKDAY(C2,2) -> 7 | H2: =IF(E2>0,1,0) -> 1 | I2: =ROUND((D2-C2)*1440,0) -> 85
A3: 2 | B3: Largo | C3: 46272.028 | D3: 46272.049 | E3: -1.68 | F3: =HOUR(C3) -> 0 | G3: =WEEKDAY(C3,2) -> 1 | H3: =IF(E3>0,1,0) -> 0 | I3: =ROUND((D3-C3)*1440,0) -> 30
A4: 3 | B4: Largo | C4: 46272.125 | D4: 46272.146 | E4: -1.97 | F4: =HOUR(C4) -> 3 | G4: =WEEKDAY(C4,2) -> 1 | H4: =IF(E4>0,1,0) -> 0 | I4: =ROUND((D4-C4)*1440,0) -> 30
A5: 4 | B5: Corto | C5: 46272.146 | D5: 46272.16 | E5: -3.16 | F5: =HOUR(C5) -> 3 | G5: =WEEKDAY(C5,2) -> 1 | H5: =IF(E5>0,1,0) -> 0 | I5: =ROUND((D5-C5)*1440,0) -> 20
A6: 5 | B6: Corto | C6: 46272.174 | D6: 46272.264 | E6: -1.85 | F6: =HOUR(C6) -> 4 | G6: =WEEKDAY(C6,2) -> 1 | H6: =IF(E6>0,1,0) -> 0 | I6: =ROUND((D6-C6)*1440,0) -> 130
A7: 6 | B7: Corto | C7: 46272.285 | D7: 46272.306 | E7: 7.87 | F7: =HOUR(C7) -> 6 | G7: =WEEKDAY(C7,2) -> 1 | H7: =IF(E7>0,1,0) -> 1 | I7: =ROUND((D7-C7)*1440,0) -> 30
A8: 7 | B8: Corto | C8: 46272.358 | D8: 46272.368 | E8: -3.26 | F8: =HOUR(C8) -> 8 | G8: =WEEKDAY(C8,2) -> 1 | H8: =IF(E8>0,1,0) -> 0 | I8: =ROUND((D8-C8)*1440,0) -> 15
A9: 8 | B9: Largo | C9: 46272.427 | D9: 46272.441 | E9: -3.7 | F9: =HOUR(C9) -> 10 | G9: =WEEKDAY(C9,2) -> 1 | H9: =IF(E9>0,1,0) -> 0 | I9: =ROUND((D9-C9)*1440,0) -> 20
A10: 9 | B10: Corto | C10: 46272.507 | D10: 46272.521 | E10: -3.24 | F10: =HOUR(C10) -> 12 | G10: =WEEKDAY(C10,2) -> 1 | H10: =IF(E10>0,1,0) -> 0 | I10: =ROUND((D10-C10)*1440,0) -> 20
A11: 10 | B11: Corto | C11: 46272.795 | D11: 46272.823 | E11: -2.08 | F11: =HOUR(C11) -> 19 | G11: =WEEKDAY(C11,2) -> 1 | H11: =IF(E11>0,1,0) -> 0 | I11: =ROUND((D11-C11)*1440,0) -> 40
A12: 11 | B12: Largo | C12: 46272.837 | D12: 46272.837 | E12: -2.58 | F12: =HOUR(C12) -> 20 | G12: =WEEKDAY(C12,2) -> 1 | H12: =IF(E12>0,1,0) -> 0 | I12: =ROUND((D12-C12)*1440,0) -> 0
A13: 12 | B13: Corto | C13: 46272.878 | D13: 46272.889 | E13: -3.5 | F13: =HOUR(C13) -> 21 | G13: =WEEKDAY(C13,2) -> 1 | H13: =IF(E13>0,1,0) -> 0 | I13: =ROUND((D13-C13)*1440,0) -> 15
... A232: 231 | B232: Corto | C232: 46296.583 | D232: 46296.604 | E232: -8.88 | F232: =HOUR(C232) -> 14 | G232: =WEEKDAY(C232,2) -> 4 | H232: =IF(E232>0,1,0) -> 0 | I232: =ROUND((D232-C232)*1440,0) -> 30
A234: Fuente: lista de operaciones del Strategy Tester de TradingView (US30, 5 min, 6 sept–1 oct 2026, 10K USD), leída del navegador. Horas en la zona horaria del gráfico (UTC-4). Valores azules = datos de entrada.

Sheet Por hora
A1: Rendimiento por hora de entrada (UTC-4)
A3: Hora | B3: Operaciones | C3: Ganadoras | D3: % acierto | E3: P/L neto (USD) | F3: Factor ganancias | G3: Señal
A4: 0 | B4: =COUNTIF(Operaciones!$F$2:$F$232,A4) -> 8 | C4: =COUNTIFS(Operaciones!$F$2:$F$232,A4,Operaciones!$E$2:$E$232,">0") -> 3 | D4: =IF(B4=0,"-",C4/B4) -> 0.375 | E4: =SUMIF(Operaciones!$F$2:$F$232,A4,Operaciones!$E$2:$E$232) -> 5.95 | F4: =IF(SUMIFS(Operaciones!$E$2:$E$232,Operaciones!$F$2:$F$232,A4,Operaciones!$E$2:$E$232,"<0")=0,"-",SUMIFS(Operaciones!$E$2:$E$232,Operaciones!$F$2:$F$232,A4,Operaciones!$E$2:$E$232,">0")/-SUMIFS(Operaciones!$E$2:$E$232,Operaciones!$F$2:$F$232,A4,Operaciones!$E$2:$E$232,"<0")) -> 1.7550761 | G4: =IF(B4<4,"muestra mínima",IF(F4="-","-",IF(F4<0.7,"débil",IF(F4>1.5,"fuerte","")))) -> fuerte
A5: 1 | B5: =COUNTIF(Operaciones!$F$2:$F$232,A5) -> 6 | C5: =COUNTIFS(Operaciones!$F$2:$F$232,A5,Operaciones!$E$2:$E$232,">0") -> 3 | D5: =IF(B5=0,"-",C5/B5) -> 0.5 | E5: =SUMIF(Operaciones!$F$2:$F$232,A5,Operaciones!$E$2:$E$232) -> 13.29 | F5: =IF(SUMIFS(Operaciones!$E$2:$E$232,Operaciones!$F$2:$F$232,A5,Operaciones!$E$2:$E$232,"<0")=0,"-",SUMIFS(Operaciones!$E$2:$E$232,Operaciones!$F$2:$F$232,A5,Operaciones!$E$2:$E$232,">0")/-SUMIFS(Operaciones!$E$2:$E$232,Operaciones!$F$2:$F$232,A5,Operaciones!$E$2:$E$232,"<0")) -> 2.9572901 | G5: =IF(B5<4,"muestra mínima",IF(F5="-","-",IF(F5<0.7,"débil",IF(F5>1.5,"fuerte","")))) -> fuerte
A6: 2 | B6: =COUNTIF(Operaciones!$F$2:$F$232,A6) -> 12 | C6: =COUNTIFS(Operaciones!$F$2:$F$232,A6,Operaciones!$E$2:$E$232,">0") -> 1 | D6: =IF(B6=0,"-",C6/B6) -> 0.083333333 | E6: =SUMIF(Operaciones!$F$2:$F$232,A6,Operaciones!$E$2:$E$232) -> -21.55 | F6: =IF(SUMIFS(Operaciones!$E$2:$E$232,Operaciones!$F$2:$F$232,A6,Operaciones!$E$2:$E$232,"<0")=0,"-",SUMIFS(Operaciones!$E$2:$E$232,Operaciones!$F$2:$F$232,A6,Operaciones!$E$2:$E$232,">0")/-SUMIFS(Operaciones!$E$2:$E$232,Operaciones!$F$2:$F$232,A6,Operaciones!$E$2:$E$232,"<0")) -> 0.21033346 | G6: =IF(B6<4,"muestra mínima",IF(F6="-","-",IF(F6<0.7,"débil",IF(F6>1.5,"fuerte","")))) -> débil
A7: 3 | B7: =COUNTIF(Operaciones!$F$2:$F$232,A7) -> 15 | C7: =COUNTIFS(Operaciones!$F$2:$F$232,A7,Operaciones!$E$2:$E$232,">0") -> 5 | D7: =IF(B7=0,"-",C7/B7) -> 0.33333333 | E7: =SUMIF(Operaciones!$F$2:$F$232,A7,Operaciones!$E$2:$E$232) -> 17.16 | F7: =IF(SUMIFS(Operaciones!$E$2:$E$232,Operaciones!$F$2:$F$232,A7,Operaciones!$E$2:$E$232,"<0")=0,"-",SUMIFS(Operaciones!$E$2:$E$232,Operaciones!$F$2:$F$232,A7,Operaciones!$E$2:$E$232,">0")/-SUMIFS(Operaciones!$E$2:$E$232,Operaciones!$F$2:$F$232,A7,Operaciones!$E$2:$E$232,"<0")) -> 1.6070039 | G7: =IF(B7<4,"muestra mínima",IF(F7="-","-",IF(F7<0.7,"débil",IF(F7>1.5,"fuerte","")))) -> fuerte
A8: 4 | B8: =COUNTIF(Operaciones!$F$2:$F$232,A8) -> 9 | C8: =COUNTIFS(Operaciones!$F$2:$F$232,A8,Operaciones!$E$2:$E$232,">0") -> 4 | D8: =IF(B8=0,"-",C8/B8) -> 0.44444444 | E8: =SUMIF(Operaciones!$F$2:$F$232,A8,Operaciones!$E$2:$E$232) -> 35.44 | F8: =IF(SUMIFS(Operaciones!$E$2:$E$232,Operaciones!$F$2:$F$232,A8,Operaciones!$E$2:$E$232,"<0")=0,"-",SUMIFS(Operaciones!$E$2:$E$232,Operaciones!$F$2:$F$232,A8,Operaciones!$E$2:$E$232,">0")/-SUMIFS(Operaciones!$E$2:$E$232,Operaciones!$F$2:$F$232,A8,Operaciones!$E$2:$E$232,"<0")) -> 3.6646617 | G8: =IF(B8<4,"muestra mínima",IF(F8="-","-",IF(F8<0.7,"débil",IF(F8>1.5,"fuerte","")))) -> fuerte
A9: 5 | B9: =COUNTIF(Operaciones!$F$2:$F$232,A9) -> 8 | C9: =COUNTIFS(Operaciones!$F$2:$F$232,A9,Operaciones!$E$2:$E$232,">0") -> 2 | D9: =IF(B9=0,"-",C9/B9) -> 0.25 | E9: =SUMIF(Operaciones!$F$2:$F$232,A9,Operaciones!$E$2:$E$232) -> -6.16 | F9: =IF(SUMIFS(Operaciones!$E$2:$E$232,Operaciones!$F$2:$F$232,A9,Operaciones!$E$2:$E$232,"<0")=0,"-",SUMIFS(Operaciones!$E$2:$E$232,Operaciones!$F$2:$F$232,A9,Operaciones!$E$2:$E$232,">0")/-SUMIFS(Operaciones!$E$2:$E$232,Operaciones!$F$2:$F$232,A9,Operaciones!$E$2:$E$232,"<0")) -> 0.78662972 | G9: =IF(B9<4,"muestra mínima",IF(F9="-","-",IF(F9<0.7,"débil",IF(F9>1.5,"fuerte",""))))
A10: 6 | B10: =COUNTIF(Operaciones!$F$2:$F$232,A10) -> 7 | C10: =COUNTIFS(Operaciones!$F$2:$F$232,A10,Operaciones!$E$2:$E$232,">0") -> 3 | D10: =IF(B10=0,"-",C10/B10) -> 0.42857143 | E10: =SUMIF(Operaciones!$F$2:$F$232,A10,Operaciones!$E$2:$E$232) -> 6.24 | F10: =IF(SUMIFS(Operaciones!$E$2:$E$232,Operaciones!$F$2:$F$232,A10,Operaciones!$E$2:$E$232,"<0")=0,"-",SUMIFS(Operaciones!$E$2:$E$232,Operaciones!$F$2:$F$232,A10,Operaciones!$E$2:$E$232,">0")/-SUMIFS(Operaciones!$E$2:$E$232,Operaciones!$F$2:$F$232,A10,Operaciones!$E$2:$E$232,"<0")) -> 1.4525018 | G10: =IF(B10<4,"muestra mínima",IF(F10="-","-",IF(F10<0.7,"débil",IF(F10>1.5,"fuerte",""))))
A11: 7 | B11: =COUNTIF(Operaciones!$F$2:$F$232,A11) -> 11 | C11: =COUNTIFS(Operaciones!$F$2:$F$232,A11,Operaciones!$E$2:$E$232,">0") -> 4 | D11: =IF(B11=0,"-",C11/B11) -> 0.36363636 | E11: =SUMIF(Operaciones!$F$2:$F$232,A11,Operaciones!$E$2:$E$232) -> 27.57 | F11: =IF(SUMIFS(Operaciones!$E$2:$E$232,Operaciones!$F$2:$F$232,A11,Operaciones!$E$2:$E$232,"<0")=0,"-",SUMIFS(Operaciones!$E$2:$E$232,Operaciones!$F$2:$F$232,A11,Operaciones!$E$2:$E$232,">0")/-SUMIFS(Operaciones!$E$2:$E$232,Operaciones!$F$2:$F$232,A11,Operaciones!$E$2:$E$232,"<0")) -> 1.9311044 | G11: =IF(B11<4,"muestra mínima",IF(F11="-","-",IF(F11<0.7,"débil",IF(F11>1.5,"fuerte","")))) -> fuerte
A12: 8 | B12: =COUNTIF(Operaciones!$F$2:$F$232,A12) -> 14 | C12: =COUNTIFS(Operaciones!$F$2:$F$232,A12,Operaciones!$E$2:$E$232,">0") -> 2 | D12: =IF(B12=0,"-",C12/B12) -> 0.14285714 | E12: =SUMIF(Operaciones!$F$2:$F$232,A12,Operaciones!$E$2:$E$232) -> -21.68 | F12: =IF(SUMIFS(Operaciones!$E$2:$E$232,Operaciones!$F$2:$F$232,A12,Operaciones!$E$2:$E$232,"<0")=0,"-",SUMIFS(Operaciones!$E$2:$E$232,Operaciones!$F$2:$F$232,A12,Operaciones!$E$2:$E$232,">0")/-SUMIFS(Operaciones!$E$2:$E$232,Operaciones!$F$2:$F$232,A12,Operaciones!$E$2:$E$232,"<0")) -> 0.5630794 | G12: =IF(B12<4,"muestra mínima",IF(F12="-","-",IF(F12<0.7,"débil",IF(F12>1.5,"fuerte","")))) -> débil
A13: 9 | B13: =COUNTIF(Operaciones!$F$2:$F$232,A13) -> 13 | C13: =COUNTIFS(Operaciones!$F$2:$F$232,A13,Operaciones!$E$2:$E$232,">0") -> 5 | D13: =IF(B13=0,"-",C13/B13) -> 0.38461538 | E13: =SUMIF(Operaciones!$F$2:$F$232,A13,Operaciones!$E$2:$E$232) -> 3.43 | F13: =IF(SUMIFS(Operaciones!$E$2:$E$232,Operaciones!$F$2:$F$232,A13,Operaciones!$E$2:$E$232,"<0")=0,"-",SUMIFS(Operaciones!$E$2:$E$232,Operaciones!$F$2:$F$232,A13,Operaciones!$E$2:$E$232,">0")/-SUMIFS(Operaciones!$E$2:$E$232,Operaciones!$F$2:$F$232,A13,Operaciones!$E$2:$E$232,"<0")) -> 1.0708092 | G13: =IF(B13<4,"muestra mínima",IF(F13="-","-",IF(F13<0.7,"débil",IF(F13>1.5,"fuerte",""))))
A14: 10 | B14: =COUNTIF(Operaciones!$F$2:$F$232,A14) -> 8 | C14: =COUNTIFS(Operaciones!$F$2:$F$232,A14,Operaciones!$E$2:$E$232,">0") -> 3 | D14: =IF(B14=0,"-",C14/B14) -> 0.375 | E14: =SUMIF(Operaciones!$F$2:$F$232,A14,Operaciones!$E$2:$E$232) -> -9.53 | F14: =IF(SUMIFS(Operaciones!$E$2:$E$232,Operaciones!$F$2:$F$232,A14,Operaciones!$E$2:$E$232,"<0")=0,"-",SUMIFS(Operaciones!$E$2:$E$232,Operaciones!$F$2:$F$232,A14,Operaciones!$E$2:$E$232,">0")/-SUMIFS(Operaciones!$E$2:$E$232,Operaciones!$F$2:$F$232,A14,Operaciones!$E$2:$E$232,"<0")) -> 0.66898229 | G14: =IF(B14<4,"muestra mínima",IF(F14="-","-",IF(F14<0.7,"débil",IF(F14>1.5,"fuerte","")))) -> débil
A15: 11 | B15: =COUNTIF(Operaciones!$F$2:$F$232,A15) -> 10 | C15: =COUNTIFS(Operaciones!$F$2:$F$232,A15,Operaciones!$E$2:$E$232,">0") -> 3 | D15: =IF(B15=0,"-",C15/B15) -> 0.3 | E15: =SUMIF(Operaciones!$F$2:$F$232,A15,Operaciones!$E$2:$E$232) -> 5.23 | F15: =IF(SUMIFS(Operaciones!$E$2:$E$232,Operaciones!$F$2:$F$232,A15,Operaciones!$E$2:$E$232,"<0")=0,"-",SUMIFS(Operaciones!$E$2:$E$232,Operaciones!$F$2:$F$232,A15,Operaciones!$E$2:$E$232,">0")/-SUMIFS(Operaciones!$E$2:$E$232,Operaciones!$F$2:$F$232,A15,Operaciones!$E$2:$E$232,"<0")) -> 1.1343782 | G15: =IF(B15<4,"muestra mínima",IF(F15="-","-",IF(F15<0.7,"débil",IF(F15>1.5,"fuerte",""))))
... A27: 23 | B27: =COUNTIF(Operaciones!$F$2:$F$232,A27) -> 10 | C27: =COUNTIFS(Operaciones!$F$2:$F$232,A27,Operaciones!$E$2:$E$232,">0") -> 6 | D27: =IF(B27=0,"-",C27/B27) -> 0.6 | E27: =SUMIF(Operaciones!$F$2:$F$232,A27,Operaciones!$E$2:$E$232) -> 18.45 | F27: =IF(SUMIFS(Operaciones!$E$2:$E$232,Operaciones!$F$2:$F$232,A27,Operaciones!$E$2:$E$232,"<0")=0,"-",SUMIFS(Operaciones!$E$2:$E$232,Operaciones!$F$2:$F$232,A27,Operaciones!$E$2:$E$232,">0")/-SUMIFS(Operaciones!$E$2:$E$232,Operaciones!$F$2:$F$232,A27,Operaciones!$E$2:$E$232,"<0")) -> 7.0690789 | G27: =IF(B27<4,"muestra mínima",IF(F27="-","-",IF(F27<0.7,"débil",IF(F27>1.5,"fuerte","")))) -> fuerte
A28: Total | B28: =SUM(B4:B27) -> 231 | C28: =SUM(C4:C27) -> 80 | E28: =SUM(E4:E27) -> 105.58
A30: Bloques de 3 horas
A31: Desde | B31: Hasta (excl.) | C31: Operaciones | D31: % acierto | E31: P/L neto (USD) | F31: Factor ganancias
A32: 0 | B32: 3 | C32: =COUNTIFS(Operaciones!$F$2:$F$232,">="&A32,Operaciones!$F$2:$F$232,"<"&B32) -> 26 | D32: =COUNTIFS(Operaciones!$F$2:$F$232,">="&A32,Operaciones!$F$2:$F$232,"<"&B32,Operaciones!$E$2:$E$232,">0")/C32 -> 0.26923077 | E32: =SUMIFS(Operaciones!$E$2:$E$232,Operaciones!$F$2:$F$232,">="&A32,Operaciones!$F$2:$F$232,"<"&B32) -> -2.31 | F32: =SUMIFS(Operaciones!$E$2:$E$232,Operaciones!$F$2:$F$232,">="&A32,Operaciones!$F$2:$F$232,"<"&B32,Operaciones!$E$2:$E$232,">0")/-SUMIFS(Operaciones!$E$2:$E$232,Operaciones!$F$2:$F$232,">="&A32,Operaciones!$F$2:$F$232,"<"&B32,Operaciones!$E$2:$E$232,"<0") -> 0.94494757
A33: 3 | B33: 6 | C33: =COUNTIFS(Operaciones!$F$2:$F$232,">="&A33,Operaciones!$F$2:$F$232,"<"&B33) -> 32 | D33: =COUNTIFS(Operaciones!$F$2:$F$232,">="&A33,Operaciones!$F$2:$F$232,"<"&B33,Operaciones!$E$2:$E$232,">0")/C33 -> 0.34375 | E33: =SUMIFS(Operaciones!$E$2:$E$232,Operaciones!$F$2:$F$232,">="&A33,Operaciones!$F$2:$F$232,"<"&B33) -> 46.44 | F33: =SUMIFS(Operaciones!$E$2:$E$232,Operaciones!$F$2:$F$232,">="&A33,Operaciones!$F$2:$F$232,"<"&B33,Operaciones!$E$2:$E$232,">0")/-SUMIFS(Operaciones!$E$2:$E$232,Operaciones!$F$2:$F$232,">="&A33,Operaciones!$F$2:$F$232,"<"&B33,Operaciones!$E$2:$E$232,"<0") -> 1.6592845
A34: 6 | B34: 9 | C34: =COUNTIFS(Operaciones!$F$2:$F$232,">="&A34,Operaciones!$F$2:$F$232,"<"&B34) -> 32 | D34: =COUNTIFS(Operaciones!$F$2:$F$232,">="&A34,Operaciones!$F$2:$F$232,"<"&B34,Operaciones!$E$2:$E$232,">0")/C34 -> 0.28125 | E34: =SUMIFS(Operaciones!$E$2:$E$232,Operaciones!$F$2:$F$232,">="&A34,Operaciones!$F$2:$F$232,"<"&B34) -> 12.13 | F34: =SUMIFS(Operaciones!$E$2:$E$232,Operaciones!$F$2:$F$232,">="&A34,Operaciones!$F$2:$F$232,"<"&B34,Operaciones!$E$2:$E$232,">0")/-SUMIFS(Operaciones!$E$2:$E$232,Operaciones!$F$2:$F$232,">="&A34,Operaciones!$F$2:$F$232,"<"&B34,Operaciones!$E$2:$E$232,"<0") -> 1.1304021
A35: 9 | B35: 12 | C35: =COUNTIFS(Operaciones!$F$2:$F$232,">="&A35,Operaciones!$F$2:$F$232,"<"&B35) -> 31 | D35: =COUNTIFS(Operaciones!$F$2:$F$232,">="&A35,Operaciones!$F$2:$F$232,"<"&B35,Operaciones!$E$2:$E$232,">0")/C35 -> 0.35483871 | E35: =SUMIFS(Operaciones!$E$2:$E$232,Operaciones!$F$2:$F$232,">="&A35,Operaciones!$F$2:$F$232,"<"&B35) -> -0.87 | F35: =SUMIFS(Operaciones!$E$2:$E$232,Operaciones!$F$2:$F$232,">="&A35,Operaciones!$F$2:$F$232,"<"&B35,Operaciones!$E$2:$E$232,">0")/-SUMIFS(Operaciones!$E$2:$E$232,Operaciones!$F$2:$F$232,">="&A35,Operaciones!$F$2:$F$232,"<"&B35,Operaciones!$E$2:$E$232,"<0") -> 0.99250969
A36: 12 | B36: 15 | C36: =COUNTIFS(Operaciones!$F$2:$F$232,">="&A36,Operaciones!$F$2:$F$232,"<"&B36) -> 27 | D36: =COUNTIFS(Operaciones!$F$2:$F$232,">="&A36,Operaciones!$F$2:$F$232,"<"&B36,Operaciones!$E$2:$E$232,">0")/C36 -> 0.37037037 | E36: =SUMIFS(Operaciones!$E$2:$E$232,Operaciones!$F$2:$F$232,">="&A36,Operaciones!$F$2:$F$232,"<"&B36) -> 27.27 | F36: =SUMIFS(Operaciones!$E$2:$E$232,Operaciones!$F$2:$F$232,">="&A36,Operaciones!$F$2:$F$232,"<"&B36,Operaciones!$E$2:$E$232,">0")/-SUMIFS(Operaciones!$E$2:$E$232,Operaciones!$F$2:$F$232,">="&A36,Operaciones!$F$2:$F$232,"<"&B36,Operaciones!$E$2:$E$232,"<0") -> 1.2656341
A37: 15 | B37: 18 | C37: =COUNTIFS(Operaciones!$F$2:$F$232,">="&A37,Operaciones!$F$2:$F$232,"<"&B37) -> 23 | D37: =COUNTIFS(Operaciones!$F$2:$F$232,">="&A37,Operaciones!$F$2:$F$232,"<"&B37,Operaciones!$E$2:$E$232,">0")/C37 -> 0.43478261 | E37: =SUMIFS(Operaciones!$E$2:$E$232,Operaciones!$F$2:$F$232,">="&A37,Operaciones!$F$2:$F$232,"<"&B37) -> -0.43 | F37: =SUMIFS(Operaciones!$E$2:$E$232,Operaciones!$F$2:$F$232,">="&A37,Operaciones!$F$2:$F$232,"<"&B37,Operaciones!$E$2:$E$232,">0")/-SUMIFS(Operaciones!$E$2:$E$232,Operaciones!$F$2:$F$232,">="&A37,Operaciones!$F$2:$F$232,"<"&B37,Operaciones!$E$2:$E$232,"<0") -> 0.99254637
A38: 18 | B38: 21 | C38: =COUNTIFS(Operaciones!$F$2:$F$232,">="&A38,Operaciones!$F$2:$F$232,"<"&B38) -> 26 | D38: =COUNTIFS(Operaciones!$F$2:$F$232,">="&A38,Operaciones!$F$2:$F$232,"<"&B38,Operaciones!$E$2:$E$232,">0")/C38 -> 0.34615385 | E38: =SUMIFS(Operaciones!$E$2:$E$232,Operaciones!$F$2:$F$232,">="&A38,Operaciones!$F$2:$F$232,"<"&B38) -> 7.56 | F38: =SUMIFS(Operaciones!$E$2:$E$232,Operaciones!$F$2:$F$232,">="&A38,Operaciones!$F$2:$F$232,"<"&B38,Operaciones!$E$2:$E$232,">0")/-SUMIFS(Operaciones!$E$2:$E$232,Operaciones!$F$2:$F$232,">="&A38,Operaciones!$F$2:$F$232,"<"&B38,Operaciones!$E$2:$E$232,"<0") -> 1.2083793
A39: 21 | B39: 24 | C39: =COUNTIFS(Operaciones!$F$2:$F$232,">="&A39,Operaciones!$F$2:$F$232,"<"&B39) -> 34 | D39: =COUNTIFS(Operaciones!$F$2:$F$232,">="&A39,Operaciones!$F$2:$F$232,"<"&B39,Operaciones!$E$2:$E$232,">0")/C39 -> 0.38235294 | E39: =SUMIFS(Operaciones!$E$2:$E$232,Operaciones!$F$2:$F$232,">="&A39,Operaciones!$F$2:$F$232,"<"&B39) -> 15.79 | F39: =SUMIFS(Operaciones!$E$2:$E$232,Operaciones!$F$2:$F$232,">="&A39,Operaciones!$F$2:$F$232,"<"&B39,Operaciones!$E$2:$E$232,">0")/-SUMIFS(Operaciones!$E$2:$E$232,Operaciones!$F$2:$F$232,">="&A39,Operaciones!$F$2:$F$232,"<"&B39,Operaciones!$E$2:$E$232,"<0") -> 1.3839981
A41: Confiabilidad: baja. Prueba fuera de muestra (horas malas de la 1ª mitad aplicadas a la 2ª): factor 0.99, no negativo. Solo 2, 8, 13 y 22 repiten como débiles en ambas pruebas.

Sheet Por día de semana
A1: Rendimiento por día de la semana (hora de entrada)
A3: Día | B3: N° (1=Lun) | C3: Operaciones | D3: % acierto | E3: P/L neto (USD) | F3: Factor ganancias
A4: Lunes | B4: 1 | C4: =COUNTIF(Operaciones!$G$2:$G$232,B4) -> 51 | D4: =IF(C4=0,"-",COUNTIFS(Operaciones!$G$2:$G$232,B4,Operaciones!$E$2:$E$232,">0")/C4) -> 0.23529412 | E4: =SUMIF(Operaciones!$G$2:$G$232,B4,Operaciones!$E$2:$E$232) -> -64.37 | F4: =IF(C4=0,"-",SUMIFS(Operaciones!$E$2:$E$232,Operaciones!$G$2:$G$232,B4,Operaciones!$E$2:$E$232,">0")/-SUMIFS(Operaciones!$E$2:$E$232,Operaciones!$G$2:$G$232,B4,Operaciones!$E$2:$E$232,"<0")) -> 0.5083257
A5: Martes | B5: 2 | C5: =COUNTIF(Operaciones!$G$2:$G$232,B5) -> 49 | D5: =IF(C5=0,"-",COUNTIFS(Operaciones!$G$2:$G$232,B5,Operaciones!$E$2:$E$232,">0")/C5) -> 0.3877551 | E5: =SUMIF(Operaciones!$G$2:$G$232,B5,Operaciones!$E$2:$E$232) -> 84.24 | F5: =IF(C5=0,"-",SUMIFS(Operaciones!$E$2:$E$232,Operaciones!$G$2:$G$232,B5,Operaciones!$E$2:$E$232,">0")/-SUMIFS(Operaciones!$E$2:$E$232,Operaciones!$G$2:$G$232,B5,Operaciones!$E$2:$E$232,"<0")) -> 1.9962157
A6: Miércoles | B6: 3 | C6: =COUNTIF(Operaciones!$G$2:$G$232,B6) -> 47 | D6: =IF(C6=0,"-",COUNTIFS(Operaciones!$G$2:$G$232,B6,Operaciones!$E$2:$E$232,">0")/C6) -> 0.46808511 | E6: =SUMIF(Operaciones!$G$2:$G$232,B6,Operaciones!$E$2:$E$232) -> 90.36 | F6: =IF(C6=0,"-",SUMIFS(Operaciones!$E$2:$E$232,Operaciones!$G$2:$G$232,B6,Operaciones!$E$2:$E$232,">0")/-SUMIFS(Operaciones!$E$2:$E$232,Operaciones!$G$2:$G$232,B6,Operaciones!$E$2:$E$232,"<0")) -> 1.9342432
A7: Jueves | B7: 4 | C7: =COUNTIF(Operaciones!$G$2:$G$232,B7) -> 40 | D7: =IF(C7=0,"-",COUNTIFS(Operaciones!$G$2:$G$232,B7,Operaciones!$E$2:$E$232,">0")/C7) -> 0.35 | E7: =SUMIF(Operaciones!$G$2:$G$232,B7,Operaciones!$E$2:$E$232) -> 13.67 | F7: =IF(C7=0,"-",SUMIFS(Operaciones!$E$2:$E$232,Operaciones!$G$2:$G$232,B7,Operaciones!$E$2:$E$232,">0")/-SUMIFS(Operaciones!$E$2:$E$232,Operaciones!$G$2:$G$232,B7,Operaciones!$E$2:$E$232,"<0")) -> 1.1066802
A8: Viernes | B8: 5 | C8: =COUNTIF(Operaciones!$G$2:$G$232,B8) -> 30 | D8: =IF(C8=0,"-",COUNTIFS(Operaciones!$G$2:$G$232,B8,Operaciones!$E$2:$E$232,">0")/C8) -> 0.3 | E8: =SUMIF(Operaciones!$G$2:$G$232,B8,Operaciones!$E$2:$E$232) -> -10.05 | F8: =IF(C8=0,"-",SUMIFS(Operaciones!$E$2:$E$232,Operaciones!$G$2:$G$232,B8,Operaciones!$E$2:$E$232,">0")/-SUMIFS(Operaciones!$E$2:$E$232,Operaciones!$G$2:$G$232,B8,Operaciones!$E$2:$E$232,"<0")) -> 0.89408789
A9: Sábado | B9: 6 | C9: =COUNTIF(Operaciones!$G$2:$G$232,B9) -> 0 | D9: =IF(C9=0,"-",COUNTIFS(Operaciones!$G$2:$G$232,B9,Operaciones!$E$2:$E$232,">0")/C9) -> - | E9: =SUMIF(Operaciones!$G$2:$G$232,B9,Operaciones!$E$2:$E$232) -> 0 | F9: =IF(C9=0,"-",SUMIFS(Operaciones!$E$2:$E$232,Operaciones!$G$2:$G$232,B9,Operaciones!$E$2:$E$232,">0")/-SUMIFS(Operaciones!$E$2:$E$232,Operaciones!$G$2:$G$232,B9,Operaciones!$E$2:$E$232,"<0")) -> -
A10: Domingo (apertura) | B10: 7 | C10: =COUNTIF(Operaciones!$G$2:$G$232,B10) -> 14 | D10: =IF(C10=0,"-",COUNTIFS(Operaciones!$G$2:$G$232,B10,Operaciones!$E$2:$E$232,">0")/C10) -> 0.28571429 | E10: =SUMIF(Operaciones!$G$2:$G$232,B10,Operaciones!$E$2:$E$232) -> -8.27 | F10: =IF(C10=0,"-",SUMIFS(Operaciones!$E$2:$E$232,Operaciones!$G$2:$G$232,B10,Operaciones!$E$2:$E$232,">0")/-SUMIFS(Operaciones!$E$2:$E$232,Operaciones!$G$2:$G$232,B10,Operaciones!$E$2:$E$232,"<0")) -> 0.65670403
A12: Lunes: factor 0.50 (1ª mitad) y 0.51 (2ª mitad), pero solo 4 lunes en la muestra. Hipótesis, no regla.

Sheet Cooldown tras ganar
A1: ¿Rinden peor las operaciones después de una ganadora?
A2: Valores calculados en Python sobre las 231 operaciones (se sostienen por si se recalcula la hoja, no son fórmulas). h1/h2 = primera/segunda mitad del mes.
A4: Escenario | B4: Grupo | C4: Operaciones | D4: % acierto | E4: P/L neto (USD) | F4: Factor ganancias
A5: Inmediatamente después de una ganadora | B5: Siguiente operación | C5: 80 | D5: 35 | E5: 26.5 | F5: 1.14
A6: Inmediatamente después de una perdedora | B6: Siguiente operación | C6: 150 | D6: 34 | E6: 78.8 | F6: 1.21
A7: Después de 2 pérdidas seguidas | B7: Siguiente operación | C7: 98 | D7: 37 | E7: 19.6 | F7: 1.08
A8: Cooldown "mismo día" | B8: BLOQUEADAS (entraron tras una ganadora del día) | C8: 194 | D8: 35 | E8: 118.7 | F8: 1.25
A9: Cooldown "mismo día" | B9: Permitidas (sin ganadora previa ese día) | C9: 37 | D9: 32 | E9: -13.2 | F9: 0.84
A10: Cooldown 4 h | B10: BLOQUEADAS | C10: 140 | D10: 35 | E10: 90.6 | F10: 1.28
A11: Cooldown 4 h | B11: Permitidas | C11: 91 | D11: 34 | E11: 15 | F11: 1.06
A12: Cooldown 6 h | B12: BLOQUEADAS | C12: 172 | D12: 34 | E12: 127.8 | F12: 1.32
A13: Cooldown 6 h | B13: Permitidas | C13: 59 | D13: 37 | E13: -22.3 | F13: 0.86
A14: Cooldown 8 h | B14: BLOQUEADAS | C14: 192 | D14: 36 | E14: 184.2 | F14: 1.42
A15: Cooldown 8 h | B15: Permitidas | C15: 39 | D15: 28 | E15: -78.6 | F15: 0.36
A16: Cooldown 12 h | B16: BLOQUEADAS | C16: 207 | D16: 35 | E16: 149.6 | F16: 1.31
... A19: Cooldown 24 h | B19: Permitidas | C19: 9 | D19: 33 | E19: -1.9 | F19: 0.87
A21: Prueba por mitades (¿se repite el patrón?)
A22: Regla | B22: Mitad | C22: Bloqueadas: operaciones | D22: Bloqueadas: % acierto | E22: Bloqueadas: P/L (USD) | F22: Bloqueadas: factor
A23: Mismo día | B23: 1ª mitad | C23: 94 | D23: 34 | E23: 16.6 | F23: 1.07
A24: Mismo día | B24: 2ª mitad | C24: 100 | D24: 36 | E24: 102.2 | F24: 1.4
A25: 8 h | B25: 1ª mitad | C25: 96 | D25: 33 | E25: 26.6 | F25: 1.12
A26: 8 h | B26: 2ª mitad | C26: 96 | D26: 39 | E26: 157.5 | F26: 1.75
A27: 12 h | B27: 1ª mitad | C27: 102 | D27: 34 | E27: 25.9 | F27: 1.11
A28: 12 h | B28: 2ª mitad | C28: 105 | D28: 36 | E28: 123.7 | F28: 1.49
A30: Lectura: las operaciones que un cooldown habría BLOQUEADO fueron rentables (factor 1.25–1.42) y lo siguen siendo en ambas mitades del mes. Lo que quedaba permitido perdía dinero. Un cooldown habría recortado ganancias, no pérdidas → no activarlo.

Sheet Días y rachas
A1: P/L por día (fecha de entrada)
A3: Fecha | B3: Operaciones | C3: P/L neto (USD) | D3: Nota
A4: 46271 | B4: =SUMPRODUCT((INT(Operaciones!$C$2:$C$232)=A4)*1) -> 1 | C4: =SUMPRODUCT((INT(Operaciones!$C$2:$C$232)=A4)*Operaciones!$E$2:$E$232) -> 0.21
A5: 46272 | B5: =SUMPRODUCT((INT(Operaciones!$C$2:$C$232)=A5)*1) -> 12 | C5: =SUMPRODUCT((INT(Operaciones!$C$2:$C$232)=A5)*Operaciones!$E$2:$E$232) -> -18.67
A6: 46273 | B6: =SUMPRODUCT((INT(Operaciones!$C$2:$C$232)=A6)*1) -> 10 | C6: =SUMPRODUCT((INT(Operaciones!$C$2:$C$232)=A6)*Operaciones!$E$2:$E$232) -> 15.25
A7: 46274 | B7: =SUMPRODUCT((INT(Operaciones!$C$2:$C$232)=A7)*1) -> 13 | C7: =SUMPRODUCT((INT(Operaciones!$C$2:$C$232)=A7)*Operaciones!$E$2:$E$232) -> -14.82
A8: 46275 | B8: =SUMPRODUCT((INT(Operaciones!$C$2:$C$232)=A8)*1) -> 10 | C8: =SUMPRODUCT((INT(Operaciones!$C$2:$C$232)=A8)*Operaciones!$E$2:$E$232) -> 9.68
A9: 46276 | B9: =SUMPRODUCT((INT(Operaciones!$C$2:$C$232)=A9)*1) -> 9 | C9: =SUMPRODUCT((INT(Operaciones!$C$2:$C$232)=A9)*Operaciones!$E$2:$E$232) -> -0.2
A10: 46278 | B10: =SUMPRODUCT((INT(Operaciones!$C$2:$C$232)=A10)*1) -> 4 | C10: =SUMPRODUCT((INT(Operaciones!$C$2:$C$232)=A10)*Operaciones!$E$2:$E$232) -> 4.6
A11: 46279 | B11: =SUMPRODUCT((INT(Operaciones!$C$2:$C$232)=A11)*1) -> 11 | C11: =SUMPRODUCT((INT(Operaciones!$C$2:$C$232)=A11)*Operaciones!$E$2:$E$232) -> -6.98
A12: 46280 | B12: =SUMPRODUCT((INT(Operaciones!$C$2:$C$232)=A12)*1) -> 12 | C12: =SUMPRODUCT((INT(Operaciones!$C$2:$C$232)=A12)*Operaciones!$E$2:$E$232) -> 8.32
A13: 46281 | B13: =SUMPRODUCT((INT(Operaciones!$C$2:$C$232)=A13)*1) -> 10 | C13: =SUMPRODUCT((INT(Operaciones!$C$2:$C$232)=A13)*Operaciones!$E$2:$E$232) -> 23.79
A14: 46282 | B14: =SUMPRODUCT((INT(Operaciones!$C$2:$C$232)=A14)*1) -> 10 | C14: =SUMPRODUCT((INT(Operaciones!$C$2:$C$232)=A14)*Operaciones!$E$2:$E$232) -> 0.61
A15: 46283 | B15: =SUMPRODUCT((INT(Operaciones!$C$2:$C$232)=A15)*1) -> 7 | C15: =SUMPRODUCT((INT(Operaciones!$C$2:$C$232)=A15)*Operaciones!$E$2:$E$232) -> 15.25
... A19: 46288 | B19: =SUMPRODUCT((INT(Operaciones!$C$2:$C$232)=A19)*1) -> 13 | C19: =SUMPRODUCT((INT(Operaciones!$C$2:$C$232)=A19)*Operaciones!$E$2:$E$232) -> 20.15
A20: 46289 | B20: =SUMPRODUCT((INT(Operaciones!$C$2:$C$232)=A20)*1) -> 13 | C20: =SUMPRODUCT((INT(Operaciones!$C$2:$C$232)=A20)*Operaciones!$E$2:$E$232) -> -59.97 | D20: Peor día (racha de pérdidas 24–28 sept)
A21: 46290 | B21: =SUMPRODUCT((INT(Operaciones!$C$2:$C$232)=A21)*1) -> 14 | C21: =SUMPRODUCT((INT(Operaciones!$C$2:$C$232)=A21)*Operaciones!$E$2:$E$232) -> -25.1
A22: 46292 | B22: =SUMPRODUCT((INT(Operaciones!$C$2:$C$232)=A22)*1) -> 4 | C22: =SUMPRODUCT((INT(Operaciones!$C$2:$C$232)=A22)*Operaciones!$E$2:$E$232) -> -9.63
A23: 46293 | B23: =SUMPRODUCT((INT(Operaciones!$C$2:$C$232)=A23)*1) -> 13 | C23: =SUMPRODUCT((INT(Operaciones!$C$2:$C$232)=A23)*Operaciones!$E$2:$E$232) -> -46.54 | D23: 2º peor día
A24: 46294 | B24: =SUMPRODUCT((INT(Operaciones!$C$2:$C$232)=A24)*1) -> 12 | C24: =SUMPRODUCT((INT(Operaciones!$C$2:$C$232)=A24)*Operaciones!$E$2:$E$232) -> 41.13
A25: 46295 | B25: =SUMPRODUCT((INT(Operaciones!$C$2:$C$232)=A25)*1) -> 11 | C25: =SUMPRODUCT((INT(Operaciones!$C$2:$C$232)=A25)*Operaciones!$E$2:$E$232) -> 61.24 | D25: 2º mejor día
A26: 46296 | B26: =SUMPRODUCT((INT(Operaciones!$C$2:$C$232)=A26)*1) -> 7 | C26: =SUMPRODUCT((INT(Operaciones!$C$2:$C$232)=A26)*Operaciones!$E$2:$E$232) -> 63.35 | D26: Mejor día
A27: Total | B27: =SUM(B4:B26) -> 231 | C27: =SUM(C4:C26) -> 105.58
A29: 24–28 sept: pérdidas de $5–10 por operación vs ~$3 normales (probable ATR más alto, no verificado). Racha máxima: 13 pérdidas seguidas.
